<?xml version="1.0" encoding="utf-8"?>
<modification>
  <name>Custom Codes CSS/JS</name>
  <code>custom_codes_js_css</code>
  <version>1.1</version>
  <author>REDS</author>
  <link>https://www.agenciaprai.com</link>

  <file path="admin/controller/setting/setting.php">
    <operation>
      <search><![CDATA[if (isset($this->request->post['config_comment'])) {]]></search>
      <add position="before"><![CDATA[
        if (isset($this->request->post['config_custom_css'])) {
          $data['config_custom_css'] = $this->request->post['config_custom_css'];
        } else {
          $data['config_custom_css'] = html_entity_decode($this->config->get('config_custom_css'), ENT_QUOTES, 'UTF-8');
        }
        
				if (isset($this->request->post['config_custom_js'])) {
          $data['config_custom_js'] = $this->request->post['config_custom_js'];
        } else {
          $data['config_custom_js'] = html_entity_decode($this->config->get('config_custom_js'), ENT_QUOTES, 'UTF-8');
        }
      ]]></add>
    </operation>
  </file>
	<file path="admin/language/en-gb/setting/setting.php">
    <operation>
      <search><![CDATA[// Text]]></search>
      <add position="before"><![CDATA[
			$_['tab_custom_codes']              = 'Custom Codes (CSS/JS)';
			$_['text_custom_css']               = 'Custom Css';
			$_['text_custom_js']                = 'Custom Js';
			$_['info_custom_css']            		= 'Write only css codes except style tag.';
			$_['info_custom_js']            		= 'Write only Javascript codes except script tag.';
      ]]></add>
    </operation>
  </file>
	<file path="admin/language/pt-br/setting/setting.php">
    <operation>
      <search><![CDATA[// Text]]></search>
      <add position="before"><![CDATA[
			$_['tab_custom_codes']              = 'Códigos Extras (CSS/JS)';
			$_['text_custom_css']               = 'Css extra';
			$_['text_custom_js']                = 'Scripts extras';
			$_['info_custom_css']            		= 'Apenas o conteudo CSS sem as tag de abertura e fechamento do bloco de estilos';
			$_['info_custom_js']            		= 'Apenas o código Javascript sem a tag do bloco de abertura e fechamento do script.';
      ]]></add>
    </operation>
  </file>
  <file path="admin/view/template/setting/setting.twig">
    <operation>
      <search><![CDATA[<li><a href="#tab-server" data-toggle="tab">{{ tab_server }}</a></li>]]></search>
      <add position="after"><![CDATA[
      <li><a href="#custom_codes" data-toggle="tab">{{ tab_custom_codes }}</a></li>
      ]]></add>
    </operation>
    <operation>
      <search><![CDATA[<div class="tab-content">]]></search>
      <add position="after"><![CDATA[
        <div class="tab-pane" id="custom_codes">
          <div class="form-group">
            <label class="col-sm-2 control-label" for="custom_css">
              <span data-toggle="tooltip" title="" data-original-title="{{ text_custom_code_css_info }}">{{ text_custom_css }}</span>
            </label>
            <div class="col-sm-10">
              <textarea name="config_custom_css" id="custom_css"  class="form-control" style="height: 300px;">{{ config_custom_css }}</textarea>
            </div>
          </div>
          <div class="form-group">
            <label class="col-sm-2 control-label" for="custom_js">
              <span data-toggle="tooltip" title="" data-original-title="{{ info_custom_css }}">{{ text_custom_js }}</span>
            </label>
            <div class="col-sm-10">
              <textarea name="config_custom_js" id="custom_js" class="form-control" style="height: 300px;">{{ config_custom_js }}</textarea>
            </div>
          </div>
        </div>
      ]]></add>
    </operation>
  </file>

	<file path="catalog/controller/common/footer.php">
    <operation>
      <search><![CDATA[return $this->load->view('common/footer', $data);]]></search>
      <add position="before"><![CDATA[
				$data['custom_css'] = html_entity_decode($this->config->get('config_custom_css') ? $this->config->get('config_custom_css') : '', ENT_QUOTES, 'UTF-8');
        $data['custom_js'] = html_entity_decode($this->config->get('config_custom_js') ? $this->config->get('config_custom_js') : '', ENT_QUOTES, 'UTF-8');
      ]]></add>
    </operation>
  </file>
  <file path="catalog/view/theme/*/template/common/footer.twig">
    <operation>
      <search><![CDATA[</body>]]></search>
      <add position="before"><![CDATA[
				{% if custom_css %}
        <style type="text/css">
        {{ custom_css }}
        </style>
        {% endif %}
				
        {% if custom_js %}
        <script type="text/javascript">
        {{ custom_js }}
        </script>
        {% endif %}
      ]]></add>
    </operation>
  </file>
  
</modification>